Event Index,UTC Timestamp,UTC Date and Time,Local Timestamp,Local Timezone,Local Date and Time,Experiment ID,Experiment Version,Tree Node Key,Repeat Key,Schedule ID,Participant Public ID,Participant Private ID,Participant Starting Group,Participant Status,Participant Completion Code,Participant External Session ID,Participant Device Type,Participant Device,Participant OS,Participant Browser,Participant Monitor Size,Participant Viewport Size,Checkpoint,Room ID,Room Order,Task Name,Task Version,Randomise questionnaire elements?,Question Key,Response
1,1668884488246,19/11/2022 19:01:28,1668884488145,-5,19/11/2022 14:01:28,77588,12,questionnaire-6fn4,,25345268,BLIND,7498609,,complete,,,computer,Desktop or Laptop,Mac OS 10.15.7,Safari 16.1,1440x900,1440x820,,,,ET_Data_Quality,3,No,BEGIN QUESTIONNAIRE,
2,1668884672603,19/11/2022 19:04:32,1668884672325,-5,19/11/2022 14:04:32,77588,12,questionnaire-6fn4,,25345268,BLIND,7498609,,complete,,,computer,Desktop or Laptop,Mac OS 10.15.7,Safari 16.1,1440x900,1440x820,,,,ET_Data_Quality,3,No,visionproblems,No
3,1668884672731,19/11/2022 19:04:32,1668884672327,-5,19/11/2022 14:04:32,77588,12,questionnaire-6fn4,,25345268,BLIND,7498609,,complete,,,computer,Desktop or Laptop,Mac OS 10.15.7,Safari 16.1,1440x900,1440x820,,,,ET_Data_Quality,3,No,visionproblems-quantised,2
4,1668884672731,19/11/2022 19:04:32,1668884672327,-5,19/11/2022 14:04:32,77588,12,questionnaire-6fn4,,25345268,BLIND,7498609,,complete,,,computer,Desktop or Laptop,Mac OS 10.15.7,Safari 16.1,1440x900,1440x820,,,,ET_Data_Quality,3,No,response-3,No
5,1668884672731,19/11/2022 19:04:32,1668884672327,-5,19/11/2022 14:04:32,77588,12,questionnaire-6fn4,,25345268,BLIND,7498609,,complete,,,computer,Desktop or Laptop,Mac OS 10.15.7,Safari 16.1,1440x900,1440x820,,,,ET_Data_Quality,3,No,response-3-quantised,2
6,1668884672731,19/11/2022 19:04:32,1668884672327,-5,19/11/2022 14:04:32,77588,12,questionnaire-6fn4,,25345268,BLIND,7498609,,complete,,,computer,Desktop or Laptop,Mac OS 10.15.7,Safari 16.1,1440x900,1440x820,,,,ET_Data_Quality,3,No,light,No
7,1668884672731,19/11/2022 19:04:32,1668884672327,-5,19/11/2022 14:04:32,77588,12,questionnaire-6fn4,,25345268,BLIND,7498609,,complete,,,computer,Desktop or Laptop,Mac OS 10.15.7,Safari 16.1,1440x900,1440x820,,,,ET_Data_Quality,3,No,light-quantised,2
8,1668884672731,19/11/2022 19:04:32,1668884672327,-5,19/11/2022 14:04:32,77588,12,questionnaire-6fn4,,25345268,BLIND,7498609,,complete,,,computer,Desktop or Laptop,Mac OS 10.15.7,Safari 16.1,1440x900,1440x820,,,,ET_Data_Quality,3,No,camerause,Yes
9,1668884672731,19/11/2022 19:04:32,1668884672327,-5,19/11/2022 14:04:32,77588,12,questionnaire-6fn4,,25345268,BLIND,7498609,,complete,,,computer,Desktop or Laptop,Mac OS 10.15.7,Safari 16.1,1440x900,1440x820,,,,ET_Data_Quality,3,No,camerause-quantised,1
10,1668884672731,19/11/2022 19:04:32,1668884672327,-5,19/11/2022 14:04:32,77588,12,questionnaire-6fn4,,25345268,BLIND,7498609,,complete,,,computer,Desktop or Laptop,Mac OS 10.15.7,Safari 16.1,1440x900,1440x820,,,,ET_Data_Quality,3,No,camera_brand,
11,1668884672731,19/11/2022 19:04:32,1668884672327,-5,19/11/2022 14:04:32,77588,12,questionnaire-6fn4,,25345268,BLIND,7498609,,complete,,,computer,Desktop or Laptop,Mac OS 10.15.7,Safari 16.1,1440x900,1440x820,,,,ET_Data_Quality,3,No,distancefromscreen,about 16 inches
12,1668884672731,19/11/2022 19:04:32,1668884672328,-5,19/11/2022 14:04:32,77588,12,questionnaire-6fn4,,25345268,BLIND,7498609,,complete,,,computer,Desktop or Laptop,Mac OS 10.15.7,Safari 16.1,1440x900,1440x820,,,,ET_Data_Quality,3,No,lookphone,0
13,1668884672731,19/11/2022 19:04:32,1668884672328,-5,19/11/2022 14:04:32,77588,12,questionnaire-6fn4,,25345268,BLIND,7498609,,complete,,,computer,Desktop or Laptop,Mac OS 10.15.7,Safari 16.1,1440x900,1440x820,,,,ET_Data_Quality,3,No,response-1,0
14,1668884672731,19/11/2022 19:04:32,1668884672328,-5,19/11/2022 14:04:32,77588,12,questionnaire-6fn4,,25345268,BLIND,7498609,,complete,,,computer,Desktop or Laptop,Mac OS 10.15.7,Safari 16.1,1440x900,1440x820,,,,ET_Data_Quality,3,No,envdistraction,Yes
15,1668884672731,19/11/2022 19:04:32,1668884672328,-5,19/11/2022 14:04:32,77588,12,questionnaire-6fn4,,25345268,BLIND,7498609,,complete,,,computer,Desktop or Laptop,Mac OS 10.15.7,Safari 16.1,1440x900,1440x820,,,,ET_Data_Quality,3,No,envdistraction-quantised,1
16,1668884672731,19/11/2022 19:04:32,1668884672328,-5,19/11/2022 14:04:32,77588,12,questionnaire-6fn4,,25345268,BLIND,7498609,,complete,,,computer,Desktop or Laptop,Mac OS 10.15.7,Safari 16.1,1440x900,1440x820,,,,ET_Data_Quality,3,No,response-2,I think they were but I am not sure if my computer is having issues because a lot of things didn't do what they were supposed to?
17,1668884672731,19/11/2022 19:04:32,1668884672328,-5,19/11/2022 14:04:32,77588,12,questionnaire-6fn4,,25345268,BLIND,7498609,,complete,,,computer,Desktop or Laptop,Mac OS 10.15.7,Safari 16.1,1440x900,1440x820,,,,ET_Data_Quality,3,No,help,I think it was pretty clear but things just weren't working
18,1668884672731,19/11/2022 19:04:32,1668884672328,-5,19/11/2022 14:04:32,77588,12,questionnaire-6fn4,,25345268,BLIND,7498609,,complete,,,computer,Desktop or Laptop,Mac OS 10.15.7,Safari 16.1,1440x900,1440x820,,,,ET_Data_Quality,3,No,response-4,No
19,1668884672731,19/11/2022 19:04:32,1668884672328,-5,19/11/2022 14:04:32,77588,12,questionnaire-6fn4,,25345268,BLIND,7498609,,complete,,,computer,Desktop or Laptop,Mac OS 10.15.7,Safari 16.1,1440x900,1440x820,,,,ET_Data_Quality,3,No,response-4-quantised,2
20,1668884672731,19/11/2022 19:04:32,1668884672328,-5,19/11/2022 14:04:32,77588,12,questionnaire-6fn4,,25345268,BLIND,7498609,,complete,,,computer,Desktop or Laptop,Mac OS 10.15.7,Safari 16.1,1440x900,1440x820,,,,ET_Data_Quality,3,No,END QUESTIONNAIRE,184183
1,1668800917213,18/11/2022 19:48:37,1668800917090,-5,18/11/2022 14:48:37,77588,12,questionnaire-6fn4,,25335162,BLIND,7494811,,complete,,,computer,Desktop or Laptop,Mac OS 10.15.7,Safari 15.2,1440x900,1440x820,,,,ET_Data_Quality,3,No,BEGIN QUESTIONNAIRE,
2,1668800970022,18/11/2022 19:49:30,1668800969903,-5,18/11/2022 14:49:29,77588,12,questionnaire-6fn4,,25335162,BLIND,7494811,,complete,,,computer,Desktop or Laptop,Mac OS 10.15.7,Safari 15.2,1440x900,1440x820,,,,ET_Data_Quality,3,No,visionproblems,No
3,1668800970146,18/11/2022 19:49:30,1668800969905,-5,18/11/2022 14:49:29,77588,12,questionnaire-6fn4,,25335162,BLIND,7494811,,complete,,,computer,Desktop or Laptop,Mac OS 10.15.7,Safari 15.2,1440x900,1440x820,,,,ET_Data_Quality,3,No,visionproblems-quantised,2
4,1668800970146,18/11/2022 19:49:30,1668800969905,-5,18/11/2022 14:49:29,77588,12,questionnaire-6fn4,,25335162,BLIND,7494811,,complete,,,computer,Desktop or Laptop,Mac OS 10.15.7,Safari 15.2,1440x900,1440x820,,,,ET_Data_Quality,3,No,response-3,No
5,1668800970146,18/11/2022 19:49:30,1668800969905,-5,18/11/2022 14:49:29,77588,12,questionnaire-6fn4,,25335162,BLIND,7494811,,complete,,,computer,Desktop or Laptop,Mac OS 10.15.7,Safari 15.2,1440x900,1440x820,,,,ET_Data_Quality,3,No,response-3-quantised,2
6,1668800970146,18/11/2022 19:49:30,1668800969905,-5,18/11/2022 14:49:29,77588,12,questionnaire-6fn4,,25335162,BLIND,7494811,,complete,,,computer,Desktop or Laptop,Mac OS 10.15.7,Safari 15.2,1440x900,1440x820,,,,ET_Data_Quality,3,No,light,Yes
7,1668800970146,18/11/2022 19:49:30,1668800969905,-5,18/11/2022 14:49:29,77588,12,questionnaire-6fn4,,25335162,BLIND,7494811,,complete,,,computer,Desktop or Laptop,Mac OS 10.15.7,Safari 15.2,1440x900,1440x820,,,,ET_Data_Quality,3,No,light-quantised,1
8,1668800970146,18/11/2022 19:49:30,1668800969905,-5,18/11/2022 14:49:29,77588,12,questionnaire-6fn4,,25335162,BLIND,7494811,,complete,,,computer,Desktop or Laptop,Mac OS 10.15.7,Safari 15.2,1440x900,1440x820,,,,ET_Data_Quality,3,No,camerause,Yes
9,1668800970146,18/11/2022 19:49:30,1668800969905,-5,18/11/2022 14:49:29,77588,12,questionnaire-6fn4,,25335162,BLIND,7494811,,complete,,,computer,Desktop or Laptop,Mac OS 10.15.7,Safari 15.2,1440x900,1440x820,,,,ET_Data_Quality,3,No,camerause-quantised,1
10,1668800970146,18/11/2022 19:49:30,1668800969905,-5,18/11/2022 14:49:29,77588,12,questionnaire-6fn4,,25335162,BLIND,7494811,,complete,,,computer,Desktop or Laptop,Mac OS 10.15.7,Safari 15.2,1440x900,1440x820,,,,ET_Data_Quality,3,No,camera_brand,
11,1668800970146,18/11/2022 19:49:30,1668800969905,-5,18/11/2022 14:49:29,77588,12,questionnaire-6fn4,,25335162,BLIND,7494811,,complete,,,computer,Desktop or Laptop,Mac OS 10.15.7,Safari 15.2,1440x900,1440x820,,,,ET_Data_Quality,3,No,distancefromscreen,18-20 inches
12,1668800970146,18/11/2022 19:49:30,1668800969906,-5,18/11/2022 14:49:29,77588,12,questionnaire-6fn4,,25335162,BLIND,7494811,,complete,,,computer,Desktop or Laptop,Mac OS 10.15.7,Safari 15.2,1440x900,1440x820,,,,ET_Data_Quality,3,No,lookphone,0
13,1668800970146,18/11/2022 19:49:30,1668800969906,-5,18/11/2022 14:49:29,77588,12,questionnaire-6fn4,,25335162,BLIND,7494811,,complete,,,computer,Desktop or Laptop,Mac OS 10.15.7,Safari 15.2,1440x900,1440x820,,,,ET_Data_Quality,3,No,response-1,0
14,1668800970146,18/11/2022 19:49:30,1668800969906,-5,18/11/2022 14:49:29,77588,12,questionnaire-6fn4,,25335162,BLIND,7494811,,complete,,,computer,Desktop or Laptop,Mac OS 10.15.7,Safari 15.2,1440x900,1440x820,,,,ET_Data_Quality,3,No,envdistraction,Yes
15,1668800970146,18/11/2022 19:49:30,1668800969906,-5,18/11/2022 14:49:29,77588,12,questionnaire-6fn4,,25335162,BLIND,7494811,,complete,,,computer,Desktop or Laptop,Mac OS 10.15.7,Safari 15.2,1440x900,1440x820,,,,ET_Data_Quality,3,No,envdistraction-quantised,1
16,1668800970146,18/11/2022 19:49:30,1668800969906,-5,18/11/2022 14:49:29,77588,12,questionnaire-6fn4,,25335162,BLIND,7494811,,complete,,,computer,Desktop or Laptop,Mac OS 10.15.7,Safari 15.2,1440x900,1440x820,,,,ET_Data_Quality,3,No,response-2,"Yes, but the calibration was not successful"
17,1668800970146,18/11/2022 19:49:30,1668800969906,-5,18/11/2022 14:49:29,77588,12,questionnaire-6fn4,,25335162,BLIND,7494811,,complete,,,computer,Desktop or Laptop,Mac OS 10.15.7,Safari 15.2,1440x900,1440x820,,,,ET_Data_Quality,3,No,help,None
18,1668800970146,18/11/2022 19:49:30,1668800969906,-5,18/11/2022 14:49:29,77588,12,questionnaire-6fn4,,25335162,BLIND,7494811,,complete,,,computer,Desktop or Laptop,Mac OS 10.15.7,Safari 15.2,1440x900,1440x820,,,,ET_Data_Quality,3,No,response-4,No
19,1668800970146,18/11/2022 19:49:30,1668800969906,-5,18/11/2022 14:49:29,77588,12,questionnaire-6fn4,,25335162,BLIND,7494811,,complete,,,computer,Desktop or Laptop,Mac OS 10.15.7,Safari 15.2,1440x900,1440x820,,,,ET_Data_Quality,3,No,response-4-quantised,2
20,1668800970146,18/11/2022 19:49:30,1668800969906,-5,18/11/2022 14:49:29,77588,12,questionnaire-6fn4,,25335162,BLIND,7494811,,complete,,,computer,Desktop or Laptop,Mac OS 10.15.7,Safari 15.2,1440x900,1440x820,,,,ET_Data_Quality,3,No,END QUESTIONNAIRE,52816
1,1668663232054,17/11/2022 05:33:52,1668663231932,-5,17/11/2022 00:33:51,77588,12,questionnaire-6fn4,,25287525,BLIND,7478330,,complete,,,computer,Desktop or Laptop,Mac OS 10.15.7,Safari 15.5,1440x900,1440x820,,,,ET_Data_Quality,3,No,BEGIN QUESTIONNAIRE,
2,1668663401700,17/11/2022 05:36:41,1668663401388,-5,17/11/2022 00:36:41,77588,12,questionnaire-6fn4,,25287525,BLIND,7478330,,complete,,,computer,Desktop or Laptop,Mac OS 10.15.7,Safari 15.5,1440x900,1440x820,,,,ET_Data_Quality,3,No,visionproblems,No
3,1668663401827,17/11/2022 05:36:41,1668663401390,-5,17/11/2022 00:36:41,77588,12,questionnaire-6fn4,,25287525,BLIND,7478330,,complete,,,computer,Desktop or Laptop,Mac OS 10.15.7,Safari 15.5,1440x900,1440x820,,,,ET_Data_Quality,3,No,visionproblems-quantised,2
4,1668663401827,17/11/2022 05:36:41,1668663401390,-5,17/11/2022 00:36:41,77588,12,questionnaire-6fn4,,25287525,BLIND,7478330,,complete,,,computer,Desktop or Laptop,Mac OS 10.15.7,Safari 15.5,1440x900,1440x820,,,,ET_Data_Quality,3,No,response-3,No
5,1668663401827,17/11/2022 05:36:41,1668663401390,-5,17/11/2022 00:36:41,77588,12,questionnaire-6fn4,,25287525,BLIND,7478330,,complete,,,computer,Desktop or Laptop,Mac OS 10.15.7,Safari 15.5,1440x900,1440x820,,,,ET_Data_Quality,3,No,response-3-quantised,2
6,1668663401827,17/11/2022 05:36:41,1668663401390,-5,17/11/2022 00:36:41,77588,12,questionnaire-6fn4,,25287525,BLIND,7478330,,complete,,,computer,Desktop or Laptop,Mac OS 10.15.7,Safari 15.5,1440x900,1440x820,,,,ET_Data_Quality,3,No,light,No
7,1668663401827,17/11/2022 05:36:41,1668663401390,-5,17/11/2022 00:36:41,77588,12,questionnaire-6fn4,,25287525,BLIND,7478330,,complete,,,computer,Desktop or Laptop,Mac OS 10.15.7,Safari 15.5,1440x900,1440x820,,,,ET_Data_Quality,3,No,light-quantised,2
8,1668663401827,17/11/2022 05:36:41,1668663401390,-5,17/11/2022 00:36:41,77588,12,questionnaire-6fn4,,25287525,BLIND,7478330,,complete,,,computer,Desktop or Laptop,Mac OS 10.15.7,Safari 15.5,1440x900,1440x820,,,,ET_Data_Quality,3,No,camerause,Yes
9,1668663401827,17/11/2022 05:36:41,1668663401390,-5,17/11/2022 00:36:41,77588,12,questionnaire-6fn4,,25287525,BLIND,7478330,,complete,,,computer,Desktop or Laptop,Mac OS 10.15.7,Safari 15.5,1440x900,1440x820,,,,ET_Data_Quality,3,No,camerause-quantised,1
10,1668663401827,17/11/2022 05:36:41,1668663401390,-5,17/11/2022 00:36:41,77588,12,questionnaire-6fn4,,25287525,BLIND,7478330,,complete,,,computer,Desktop or Laptop,Mac OS 10.15.7,Safari 15.5,1440x900,1440x820,,,,ET_Data_Quality,3,No,camera_brand,
11,1668663401827,17/11/2022 05:36:41,1668663401390,-5,17/11/2022 00:36:41,77588,12,questionnaire-6fn4,,25287525,BLIND,7478330,,complete,,,computer,Desktop or Laptop,Mac OS 10.15.7,Safari 15.5,1440x900,1440x820,,,,ET_Data_Quality,3,No,distancefromscreen,About 14 inches
12,1668663401827,17/11/2022 05:36:41,1668663401391,-5,17/11/2022 00:36:41,77588,12,questionnaire-6fn4,,25287525,BLIND,7478330,,complete,,,computer,Desktop or Laptop,Mac OS 10.15.7,Safari 15.5,1440x900,1440x820,,,,ET_Data_Quality,3,No,lookphone,0
13,1668663401827,17/11/2022 05:36:41,1668663401391,-5,17/11/2022 00:36:41,77588,12,questionnaire-6fn4,,25287525,BLIND,7478330,,complete,,,computer,Desktop or Laptop,Mac OS 10.15.7,Safari 15.5,1440x900,1440x820,,,,ET_Data_Quality,3,No,response-1,0
14,1668663401827,17/11/2022 05:36:41,1668663401391,-5,17/11/2022 00:36:41,77588,12,questionnaire-6fn4,,25287525,BLIND,7478330,,complete,,,computer,Desktop or Laptop,Mac OS 10.15.7,Safari 15.5,1440x900,1440x820,,,,ET_Data_Quality,3,No,envdistraction,Yes
15,1668663401827,17/11/2022 05:36:41,1668663401391,-5,17/11/2022 00:36:41,77588,12,questionnaire-6fn4,,25287525,BLIND,7478330,,complete,,,computer,Desktop or Laptop,Mac OS 10.15.7,Safari 15.5,1440x900,1440x820,,,,ET_Data_Quality,3,No,envdistraction-quantised,1
16,1668663401827,17/11/2022 05:36:41,1668663401391,-5,17/11/2022 00:36:41,77588,12,questionnaire-6fn4,,25287525,BLIND,7478330,,complete,,,computer,Desktop or Laptop,Mac OS 10.15.7,Safari 15.5,1440x900,1440x820,,,,ET_Data_Quality,3,No,response-2,Yes
17,1668663401827,17/11/2022 05:36:41,1668663401391,-5,17/11/2022 00:36:41,77588,12,questionnaire-6fn4,,25287525,BLIND,7478330,,complete,,,computer,Desktop or Laptop,Mac OS 10.15.7,Safari 15.5,1440x900,1440x820,,,,ET_Data_Quality,3,No,help,"For many of the pictures, sound was not played for me to match it to the correct picture. I checked my computer and the sound was working perfectly on other platforms. I am not sure what the issue was with this platform. This may have impacted the results."
18,1668663401827,17/11/2022 05:36:41,1668663401391,-5,17/11/2022 00:36:41,77588,12,questionnaire-6fn4,,25287525,BLIND,7478330,,complete,,,computer,Desktop or Laptop,Mac OS 10.15.7,Safari 15.5,1440x900,1440x820,,,,ET_Data_Quality,3,No,response-4,No
19,1668663401827,17/11/2022 05:36:41,1668663401391,-5,17/11/2022 00:36:41,77588,12,questionnaire-6fn4,,25287525,BLIND,7478330,,complete,,,computer,Desktop or Laptop,Mac OS 10.15.7,Safari 15.5,1440x900,1440x820,,,,ET_Data_Quality,3,No,response-4-quantised,2
20,1668663401827,17/11/2022 05:36:41,1668663401391,-5,17/11/2022 00:36:41,77588,12,questionnaire-6fn4,,25287525,BLIND,7478330,,complete,,,computer,Desktop or Laptop,Mac OS 10.15.7,Safari 15.5,1440x900,1440x820,,,,ET_Data_Quality,3,No,END QUESTIONNAIRE,169459
1,1668789945293,18/11/2022 16:45:45,1668789945186,-5,18/11/2022 11:45:45,77588,12,questionnaire-6fn4,,25331866,BLIND,7493595,,complete,,,computer,Desktop or Laptop,Mac OS 10.15,Firefox 107.0,1440x900,1440x711,,,,ET_Data_Quality,3,No,BEGIN QUESTIONNAIRE,
2,1668789996650,18/11/2022 16:46:36,1668789996575,-5,18/11/2022 11:46:36,77588,12,questionnaire-6fn4,,25331866,BLIND,7493595,,complete,,,computer,Desktop or Laptop,Mac OS 10.15,Firefox 107.0,1440x900,1440x711,,,,ET_Data_Quality,3,No,visionproblems,Yes
3,1668789996942,18/11/2022 16:46:36,1668789996577,-5,18/11/2022 11:46:36,77588,12,questionnaire-6fn4,,25331866,BLIND,7493595,,complete,,,computer,Desktop or Laptop,Mac OS 10.15,Firefox 107.0,1440x900,1440x711,,,,ET_Data_Quality,3,No,visionproblems-quantised,1
4,1668789996942,18/11/2022 16:46:36,1668789996577,-5,18/11/2022 11:46:36,77588,12,questionnaire-6fn4,,25331866,BLIND,7493595,,complete,,,computer,Desktop or Laptop,Mac OS 10.15,Firefox 107.0,1440x900,1440x711,,,,ET_Data_Quality,3,No,response-3,No
5,1668789996942,18/11/2022 16:46:36,1668789996577,-5,18/11/2022 11:46:36,77588,12,questionnaire-6fn4,,25331866,BLIND,7493595,,complete,,,computer,Desktop or Laptop,Mac OS 10.15,Firefox 107.0,1440x900,1440x711,,,,ET_Data_Quality,3,No,response-3-quantised,2
6,1668789996942,18/11/2022 16:46:36,1668789996577,-5,18/11/2022 11:46:36,77588,12,questionnaire-6fn4,,25331866,BLIND,7493595,,complete,,,computer,Desktop or Laptop,Mac OS 10.15,Firefox 107.0,1440x900,1440x711,,,,ET_Data_Quality,3,No,light,Yes
7,1668789996942,18/11/2022 16:46:36,1668789996577,-5,18/11/2022 11:46:36,77588,12,questionnaire-6fn4,,25331866,BLIND,7493595,,complete,,,computer,Desktop or Laptop,Mac OS 10.15,Firefox 107.0,1440x900,1440x711,,,,ET_Data_Quality,3,No,light-quantised,1
8,1668789996942,18/11/2022 16:46:36,1668789996577,-5,18/11/2022 11:46:36,77588,12,questionnaire-6fn4,,25331866,BLIND,7493595,,complete,,,computer,Desktop or Laptop,Mac OS 10.15,Firefox 107.0,1440x900,1440x711,,,,ET_Data_Quality,3,No,camerause,Yes
9,1668789996942,18/11/2022 16:46:36,1668789996577,-5,18/11/2022 11:46:36,77588,12,questionnaire-6fn4,,25331866,BLIND,7493595,,complete,,,computer,Desktop or Laptop,Mac OS 10.15,Firefox 107.0,1440x900,1440x711,,,,ET_Data_Quality,3,No,camerause-quantised,1
10,1668789996942,18/11/2022 16:46:36,1668789996577,-5,18/11/2022 11:46:36,77588,12,questionnaire-6fn4,,25331866,BLIND,7493595,,complete,,,computer,Desktop or Laptop,Mac OS 10.15,Firefox 107.0,1440x900,1440x711,,,,ET_Data_Quality,3,No,camera_brand,
11,1668789996942,18/11/2022 16:46:36,1668789996577,-5,18/11/2022 11:46:36,77588,12,questionnaire-6fn4,,25331866,BLIND,7493595,,complete,,,computer,Desktop or Laptop,Mac OS 10.15,Firefox 107.0,1440x900,1440x711,,,,ET_Data_Quality,3,No,distancefromscreen,15
12,1668789996942,18/11/2022 16:46:36,1668789996577,-5,18/11/2022 11:46:36,77588,12,questionnaire-6fn4,,25331866,BLIND,7493595,,complete,,,computer,Desktop or Laptop,Mac OS 10.15,Firefox 107.0,1440x900,1440x711,,,,ET_Data_Quality,3,No,lookphone,0
13,1668789996942,18/11/2022 16:46:36,1668789996577,-5,18/11/2022 11:46:36,77588,12,questionnaire-6fn4,,25331866,BLIND,7493595,,complete,,,computer,Desktop or Laptop,Mac OS 10.15,Firefox 107.0,1440x900,1440x711,,,,ET_Data_Quality,3,No,response-1,0
14,1668789996942,18/11/2022 16:46:36,1668789996577,-5,18/11/2022 11:46:36,77588,12,questionnaire-6fn4,,25331866,BLIND,7493595,,complete,,,computer,Desktop or Laptop,Mac OS 10.15,Firefox 107.0,1440x900,1440x711,,,,ET_Data_Quality,3,No,envdistraction,Yes
15,1668789996942,18/11/2022 16:46:36,1668789996578,-5,18/11/2022 11:46:36,77588,12,questionnaire-6fn4,,25331866,BLIND,7493595,,complete,,,computer,Desktop or Laptop,Mac OS 10.15,Firefox 107.0,1440x900,1440x711,,,,ET_Data_Quality,3,No,envdistraction-quantised,1
16,1668789996942,18/11/2022 16:46:36,1668789996578,-5,18/11/2022 11:46:36,77588,12,questionnaire-6fn4,,25331866,BLIND,7493595,,complete,,,computer,Desktop or Laptop,Mac OS 10.15,Firefox 107.0,1440x900,1440x711,,,,ET_Data_Quality,3,No,response-2,Yep
17,1668789996942,18/11/2022 16:46:36,1668789996578,-5,18/11/2022 11:46:36,77588,12,questionnaire-6fn4,,25331866,BLIND,7493595,,complete,,,computer,Desktop or Laptop,Mac OS 10.15,Firefox 107.0,1440x900,1440x711,,,,ET_Data_Quality,3,No,help,N/A
18,1668789996942,18/11/2022 16:46:36,1668789996578,-5,18/11/2022 11:46:36,77588,12,questionnaire-6fn4,,25331866,BLIND,7493595,,complete,,,computer,Desktop or Laptop,Mac OS 10.15,Firefox 107.0,1440x900,1440x711,,,,ET_Data_Quality,3,No,response-4,No
19,1668789996942,18/11/2022 16:46:36,1668789996578,-5,18/11/2022 11:46:36,77588,12,questionnaire-6fn4,,25331866,BLIND,7493595,,complete,,,computer,Desktop or Laptop,Mac OS 10.15,Firefox 107.0,1440x900,1440x711,,,,ET_Data_Quality,3,No,response-4-quantised,2
20,1668789996942,18/11/2022 16:46:36,1668789996578,-5,18/11/2022 11:46:36,77588,12,questionnaire-6fn4,,25331866,BLIND,7493595,,complete,,,computer,Desktop or Laptop,Mac OS 10.15,Firefox 107.0,1440x900,1440x711,,,,ET_Data_Quality,3,No,END QUESTIONNAIRE,51392
1,1668789666723,18/11/2022 16:41:06,1668789665891,-5,18/11/2022 11:41:05,77588,12,questionnaire-6fn4,,25331732,BLIND,7493507,,complete,,,computer,Desktop or Laptop,Windows 10,Chrome 107.0.0.0,1280x800,1280x657,,,,ET_Data_Quality,3,No,BEGIN QUESTIONNAIRE,
2,1668789802454,18/11/2022 16:43:22,1668789801665,-5,18/11/2022 11:43:21,77588,12,questionnaire-6fn4,,25331732,BLIND,7493507,,complete,,,computer,Desktop or Laptop,Windows 10,Chrome 107.0.0.0,1280x800,1263x657,,,,ET_Data_Quality,3,No,visionproblems,Yes
3,1668789802631,18/11/2022 16:43:22,1668789801667,-5,18/11/2022 11:43:21,77588,12,questionnaire-6fn4,,25331732,BLIND,7493507,,complete,,,computer,Desktop or Laptop,Windows 10,Chrome 107.0.0.0,1280x800,1263x657,,,,ET_Data_Quality,3,No,visionproblems-quantised,1
4,1668789802631,18/11/2022 16:43:22,1668789801667,-5,18/11/2022 11:43:21,77588,12,questionnaire-6fn4,,25331732,BLIND,7493507,,complete,,,computer,Desktop or Laptop,Windows 10,Chrome 107.0.0.0,1280x800,1263x657,,,,ET_Data_Quality,3,No,response-3,No
5,1668789802631,18/11/2022 16:43:22,1668789801667,-5,18/11/2022 11:43:21,77588,12,questionnaire-6fn4,,25331732,BLIND,7493507,,complete,,,computer,Desktop or Laptop,Windows 10,Chrome 107.0.0.0,1280x800,1263x657,,,,ET_Data_Quality,3,No,response-3-quantised,2
6,1668789802631,18/11/2022 16:43:22,1668789801667,-5,18/11/2022 11:43:21,77588,12,questionnaire-6fn4,,25331732,BLIND,7493507,,complete,,,computer,Desktop or Laptop,Windows 10,Chrome 107.0.0.0,1280x800,1263x657,,,,ET_Data_Quality,3,No,light,Yes
7,1668789802631,18/11/2022 16:43:22,1668789801667,-5,18/11/2022 11:43:21,77588,12,questionnaire-6fn4,,25331732,BLIND,7493507,,complete,,,computer,Desktop or Laptop,Windows 10,Chrome 107.0.0.0,1280x800,1263x657,,,,ET_Data_Quality,3,No,light-quantised,1
8,1668789802631,18/11/2022 16:43:22,1668789801668,-5,18/11/2022 11:43:21,77588,12,questionnaire-6fn4,,25331732,BLIND,7493507,,complete,,,computer,Desktop or Laptop,Windows 10,Chrome 107.0.0.0,1280x800,1263x657,,,,ET_Data_Quality,3,No,camerause,Yes
9,1668789802631,18/11/2022 16:43:22,1668789801668,-5,18/11/2022 11:43:21,77588,12,questionnaire-6fn4,,25331732,BLIND,7493507,,complete,,,computer,Desktop or Laptop,Windows 10,Chrome 107.0.0.0,1280x800,1263x657,,,,ET_Data_Quality,3,No,camerause-quantised,1
10,1668789802631,18/11/2022 16:43:22,1668789801668,-5,18/11/2022 11:43:21,77588,12,questionnaire-6fn4,,25331732,BLIND,7493507,,complete,,,computer,Desktop or Laptop,Windows 10,Chrome 107.0.0.0,1280x800,1263x657,,,,ET_Data_Quality,3,No,camera_brand,
11,1668789802631,18/11/2022 16:43:22,1668789801668,-5,18/11/2022 11:43:21,77588,12,questionnaire-6fn4,,25331732,BLIND,7493507,,complete,,,computer,Desktop or Laptop,Windows 10,Chrome 107.0.0.0,1280x800,1263x657,,,,ET_Data_Quality,3,No,distancefromscreen,18 inches
12,1668789802631,18/11/2022 16:43:22,1668789801668,-5,18/11/2022 11:43:21,77588,12,questionnaire-6fn4,,25331732,BLIND,7493507,,complete,,,computer,Desktop or Laptop,Windows 10,Chrome 107.0.0.0,1280x800,1263x657,,,,ET_Data_Quality,3,No,lookphone,0
13,1668789802631,18/11/2022 16:43:22,1668789801668,-5,18/11/2022 11:43:21,77588,12,questionnaire-6fn4,,25331732,BLIND,7493507,,complete,,,computer,Desktop or Laptop,Windows 10,Chrome 107.0.0.0,1280x800,1263x657,,,,ET_Data_Quality,3,No,response-1,0
14,1668789802631,18/11/2022 16:43:22,1668789801669,-5,18/11/2022 11:43:21,77588,12,questionnaire-6fn4,,25331732,BLIND,7493507,,complete,,,computer,Desktop or Laptop,Windows 10,Chrome 107.0.0.0,1280x800,1263x657,,,,ET_Data_Quality,3,No,envdistraction,Yes
15,1668789802631,18/11/2022 16:43:22,1668789801669,-5,18/11/2022 11:43:21,77588,12,questionnaire-6fn4,,25331732,BLIND,7493507,,complete,,,computer,Desktop or Laptop,Windows 10,Chrome 107.0.0.0,1280x800,1263x657,,,,ET_Data_Quality,3,No,envdistraction-quantised,1
16,1668789802631,18/11/2022 16:43:22,1668789801669,-5,18/11/2022 11:43:21,77588,12,questionnaire-6fn4,,25331732,BLIND,7493507,,complete,,,computer,Desktop or Laptop,Windows 10,Chrome 107.0.0.0,1280x800,1263x657,,,,ET_Data_Quality,3,No,response-2,yes
17,1668789802631,18/11/2022 16:43:22,1668789801669,-5,18/11/2022 11:43:21,77588,12,questionnaire-6fn4,,25331732,BLIND,7493507,,complete,,,computer,Desktop or Laptop,Windows 10,Chrome 107.0.0.0,1280x800,1263x657,,,,ET_Data_Quality,3,No,help,na
18,1668789802631,18/11/2022 16:43:22,1668789801669,-5,18/11/2022 11:43:21,77588,12,questionnaire-6fn4,,25331732,BLIND,7493507,,complete,,,computer,Desktop or Laptop,Windows 10,Chrome 107.0.0.0,1280x800,1263x657,,,,ET_Data_Quality,3,No,response-4,No
19,1668789802631,18/11/2022 16:43:22,1668789801670,-5,18/11/2022 11:43:21,77588,12,questionnaire-6fn4,,25331732,BLIND,7493507,,complete,,,computer,Desktop or Laptop,Windows 10,Chrome 107.0.0.0,1280x800,1263x657,,,,ET_Data_Quality,3,No,response-4-quantised,2
20,1668789802631,18/11/2022 16:43:22,1668789801670,-5,18/11/2022 11:43:21,77588,12,questionnaire-6fn4,,25331732,BLIND,7493507,,complete,,,computer,Desktop or Laptop,Windows 10,Chrome 107.0.0.0,1280x800,1263x657,,,,ET_Data_Quality,3,No,END QUESTIONNAIRE,135780
1,1668789401669,18/11/2022 16:36:41,1668789401577,-5,18/11/2022 11:36:41,77588,12,questionnaire-6fn4,,25331642,BLIND,7493485,,complete,,,computer,Desktop or Laptop,Mac OS 10.15.7,Chrome 107.0.0.0,1470x956,1470x755,,,,ET_Data_Quality,3,No,BEGIN QUESTIONNAIRE,
2,1668789453374,18/11/2022 16:37:33,1668789453306,-5,18/11/2022 11:37:33,77588,12,questionnaire-6fn4,,25331642,BLIND,7493485,,complete,,,computer,Desktop or Laptop,Mac OS 10.15.7,Chrome 107.0.0.0,1470x956,1470x755,,,,ET_Data_Quality,3,No,visionproblems,No
3,1668789453490,18/11/2022 16:37:33,1668789453307,-5,18/11/2022 11:37:33,77588,12,questionnaire-6fn4,,25331642,BLIND,7493485,,complete,,,computer,Desktop or Laptop,Mac OS 10.15.7,Chrome 107.0.0.0,1470x956,1470x755,,,,ET_Data_Quality,3,No,visionproblems-quantised,2
4,1668789453490,18/11/2022 16:37:33,1668789453307,-5,18/11/2022 11:37:33,77588,12,questionnaire-6fn4,,25331642,BLIND,7493485,,complete,,,computer,Desktop or Laptop,Mac OS 10.15.7,Chrome 107.0.0.0,1470x956,1470x755,,,,ET_Data_Quality,3,No,response-3,No
5,1668789453490,18/11/2022 16:37:33,1668789453307,-5,18/11/2022 11:37:33,77588,12,questionnaire-6fn4,,25331642,BLIND,7493485,,complete,,,computer,Desktop or Laptop,Mac OS 10.15.7,Chrome 107.0.0.0,1470x956,1470x755,,,,ET_Data_Quality,3,No,response-3-quantised,2
6,1668789453490,18/11/2022 16:37:33,1668789453307,-5,18/11/2022 11:37:33,77588,12,questionnaire-6fn4,,25331642,BLIND,7493485,,complete,,,computer,Desktop or Laptop,Mac OS 10.15.7,Chrome 107.0.0.0,1470x956,1470x755,,,,ET_Data_Quality,3,No,wearing-2,Contacts
7,1668789453490,18/11/2022 16:37:33,1668789453307,-5,18/11/2022 11:37:33,77588,12,questionnaire-6fn4,,25331642,BLIND,7493485,,complete,,,computer,Desktop or Laptop,Mac OS 10.15.7,Chrome 107.0.0.0,1470x956,1470x755,,,,ET_Data_Quality,3,No,light,No
8,1668789453490,18/11/2022 16:37:33,1668789453308,-5,18/11/2022 11:37:33,77588,12,questionnaire-6fn4,,25331642,BLIND,7493485,,complete,,,computer,Desktop or Laptop,Mac OS 10.15.7,Chrome 107.0.0.0,1470x956,1470x755,,,,ET_Data_Quality,3,No,light-quantised,2
9,1668789453490,18/11/2022 16:37:33,1668789453308,-5,18/11/2022 11:37:33,77588,12,questionnaire-6fn4,,25331642,BLIND,7493485,,complete,,,computer,Desktop or Laptop,Mac OS 10.15.7,Chrome 107.0.0.0,1470x956,1470x755,,,,ET_Data_Quality,3,No,camerause,Yes
10,1668789453490,18/11/2022 16:37:33,1668789453308,-5,18/11/2022 11:37:33,77588,12,questionnaire-6fn4,,25331642,BLIND,7493485,,complete,,,computer,Desktop or Laptop,Mac OS 10.15.7,Chrome 107.0.0.0,1470x956,1470x755,,,,ET_Data_Quality,3,No,camerause-quantised,1
11,1668789453490,18/11/2022 16:37:33,1668789453308,-5,18/11/2022 11:37:33,77588,12,questionnaire-6fn4,,25331642,BLIND,7493485,,complete,,,computer,Desktop or Laptop,Mac OS 10.15.7,Chrome 107.0.0.0,1470x956,1470x755,,,,ET_Data_Quality,3,No,camera_brand,MacBook Air
12,1668789453490,18/11/2022 16:37:33,1668789453308,-5,18/11/2022 11:37:33,77588,12,questionnaire-6fn4,,25331642,BLIND,7493485,,complete,,,computer,Desktop or Laptop,Mac OS 10.15.7,Chrome 107.0.0.0,1470x956,1470x755,,,,ET_Data_Quality,3,No,distancefromscreen,18 inche
13,1668789453490,18/11/2022 16:37:33,1668789453308,-5,18/11/2022 11:37:33,77588,12,questionnaire-6fn4,,25331642,BLIND,7493485,,complete,,,computer,Desktop or Laptop,Mac OS 10.15.7,Chrome 107.0.0.0,1470x956,1470x755,,,,ET_Data_Quality,3,No,lookphone,0
14,1668789453490,18/11/2022 16:37:33,1668789453308,-5,18/11/2022 11:37:33,77588,12,questionnaire-6fn4,,25331642,BLIND,7493485,,complete,,,computer,Desktop or Laptop,Mac OS 10.15.7,Chrome 107.0.0.0,1470x956,1470x755,,,,ET_Data_Quality,3,No,response-1,0
15,1668789453490,18/11/2022 16:37:33,1668789453308,-5,18/11/2022 11:37:33,77588,12,questionnaire-6fn4,,25331642,BLIND,7493485,,complete,,,computer,Desktop or Laptop,Mac OS 10.15.7,Chrome 107.0.0.0,1470x956,1470x755,,,,ET_Data_Quality,3,No,envdistraction,Yes
16,1668789453490,18/11/2022 16:37:33,1668789453308,-5,18/11/2022 11:37:33,77588,12,questionnaire-6fn4,,25331642,BLIND,7493485,,complete,,,computer,Desktop or Laptop,Mac OS 10.15.7,Chrome 107.0.0.0,1470x956,1470x755,,,,ET_Data_Quality,3,No,envdistraction-quantised,1
17,1668789453490,18/11/2022 16:37:33,1668789453308,-5,18/11/2022 11:37:33,77588,12,questionnaire-6fn4,,25331642,BLIND,7493485,,complete,,,computer,Desktop or Laptop,Mac OS 10.15.7,Chrome 107.0.0.0,1470x956,1470x755,,,,ET_Data_Quality,3,No,response-2,yes
18,1668789453490,18/11/2022 16:37:33,1668789453309,-5,18/11/2022 11:37:33,77588,12,questionnaire-6fn4,,25331642,BLIND,7493485,,complete,,,computer,Desktop or Laptop,Mac OS 10.15.7,Chrome 107.0.0.0,1470x956,1470x755,,,,ET_Data_Quality,3,No,help,N/A
19,1668789453490,18/11/2022 16:37:33,1668789453309,-5,18/11/2022 11:37:33,77588,12,questionnaire-6fn4,,25331642,BLIND,7493485,,complete,,,computer,Desktop or Laptop,Mac OS 10.15.7,Chrome 107.0.0.0,1470x956,1470x755,,,,ET_Data_Quality,3,No,response-4,No
20,1668789453490,18/11/2022 16:37:33,1668789453309,-5,18/11/2022 11:37:33,77588,12,questionnaire-6fn4,,25331642,BLIND,7493485,,complete,,,computer,Desktop or Laptop,Mac OS 10.15.7,Chrome 107.0.0.0,1470x956,1470x755,,,,ET_Data_Quality,3,No,response-4-quantised,2
21,1668789453490,18/11/2022 16:37:33,1668789453309,-5,18/11/2022 11:37:33,77588,12,questionnaire-6fn4,,25331642,BLIND,7493485,,complete,,,computer,Desktop or Laptop,Mac OS 10.15.7,Chrome 107.0.0.0,1470x956,1470x755,,,,ET_Data_Quality,3,No,END QUESTIONNAIRE,51732
1,1668788534836,18/11/2022 16:22:14,1668788533952,-5,18/11/2022 11:22:13,77588,12,questionnaire-6fn4,,25331304,BLIND,7492849,,complete,,,computer,Desktop or Laptop,Mac OS 10.15.7,Chrome 107.0.0.0,1280x800,1280x641,,,,ET_Data_Quality,3,No,BEGIN QUESTIONNAIRE,
2,1668788616655,18/11/2022 16:23:36,1668788615844,-5,18/11/2022 11:23:35,77588,12,questionnaire-6fn4,,25331304,BLIND,7492849,,complete,,,computer,Desktop or Laptop,Mac OS 10.15.7,Chrome 107.0.0.0,1280x800,1265x641,,,,ET_Data_Quality,3,No,visionproblems,No
3,1668788616761,18/11/2022 16:23:36,1668788615845,-5,18/11/2022 11:23:35,77588,12,questionnaire-6fn4,,25331304,BLIND,7492849,,complete,,,computer,Desktop or Laptop,Mac OS 10.15.7,Chrome 107.0.0.0,1280x800,1265x641,,,,ET_Data_Quality,3,No,visionproblems-quantised,2
4,1668788616761,18/11/2022 16:23:36,1668788615845,-5,18/11/2022 11:23:35,77588,12,questionnaire-6fn4,,25331304,BLIND,7492849,,complete,,,computer,Desktop or Laptop,Mac OS 10.15.7,Chrome 107.0.0.0,1280x800,1265x641,,,,ET_Data_Quality,3,No,response-3,No
5,1668788616761,18/11/2022 16:23:36,1668788615846,-5,18/11/2022 11:23:35,77588,12,questionnaire-6fn4,,25331304,BLIND,7492849,,complete,,,computer,Desktop or Laptop,Mac OS 10.15.7,Chrome 107.0.0.0,1280x800,1265x641,,,,ET_Data_Quality,3,No,response-3-quantised,2
6,1668788616761,18/11/2022 16:23:36,1668788615846,-5,18/11/2022 11:23:35,77588,12,questionnaire-6fn4,,25331304,BLIND,7492849,,complete,,,computer,Desktop or Laptop,Mac OS 10.15.7,Chrome 107.0.0.0,1280x800,1265x641,,,,ET_Data_Quality,3,No,wearing-3,Makeup
7,1668788616761,18/11/2022 16:23:36,1668788615846,-5,18/11/2022 11:23:35,77588,12,questionnaire-6fn4,,25331304,BLIND,7492849,,complete,,,computer,Desktop or Laptop,Mac OS 10.15.7,Chrome 107.0.0.0,1280x800,1265x641,,,,ET_Data_Quality,3,No,light,Yes
8,1668788616761,18/11/2022 16:23:36,1668788615846,-5,18/11/2022 11:23:35,77588,12,questionnaire-6fn4,,25331304,BLIND,7492849,,complete,,,computer,Desktop or Laptop,Mac OS 10.15.7,Chrome 107.0.0.0,1280x800,1265x641,,,,ET_Data_Quality,3,No,light-quantised,1
9,1668788616761,18/11/2022 16:23:36,1668788615846,-5,18/11/2022 11:23:35,77588,12,questionnaire-6fn4,,25331304,BLIND,7492849,,complete,,,computer,Desktop or Laptop,Mac OS 10.15.7,Chrome 107.0.0.0,1280x800,1265x641,,,,ET_Data_Quality,3,No,camerause,Yes
10,1668788616761,18/11/2022 16:23:36,1668788615846,-5,18/11/2022 11:23:35,77588,12,questionnaire-6fn4,,25331304,BLIND,7492849,,complete,,,computer,Desktop or Laptop,Mac OS 10.15.7,Chrome 107.0.0.0,1280x800,1265x641,,,,ET_Data_Quality,3,No,camerause-quantised,1
11,1668788616761,18/11/2022 16:23:36,1668788615846,-5,18/11/2022 11:23:35,77588,12,questionnaire-6fn4,,25331304,BLIND,7492849,,complete,,,computer,Desktop or Laptop,Mac OS 10.15.7,Chrome 107.0.0.0,1280x800,1265x641,,,,ET_Data_Quality,3,No,camera_brand,
12,1668788616761,18/11/2022 16:23:36,1668788615846,-5,18/11/2022 11:23:35,77588,12,questionnaire-6fn4,,25331304,BLIND,7492849,,complete,,,computer,Desktop or Laptop,Mac OS 10.15.7,Chrome 107.0.0.0,1280x800,1265x641,,,,ET_Data_Quality,3,No,distancefromscreen,20 inches
13,1668788616761,18/11/2022 16:23:36,1668788615847,-5,18/11/2022 11:23:35,77588,12,questionnaire-6fn4,,25331304,BLIND,7492849,,complete,,,computer,Desktop or Laptop,Mac OS 10.15.7,Chrome 107.0.0.0,1280x800,1265x641,,,,ET_Data_Quality,3,No,lookphone,0
14,1668788616761,18/11/2022 16:23:36,1668788615847,-5,18/11/2022 11:23:35,77588,12,questionnaire-6fn4,,25331304,BLIND,7492849,,complete,,,computer,Desktop or Laptop,Mac OS 10.15.7,Chrome 107.0.0.0,1280x800,1265x641,,,,ET_Data_Quality,3,No,response-1,0
15,1668788616761,18/11/2022 16:23:36,1668788615847,-5,18/11/2022 11:23:35,77588,12,questionnaire-6fn4,,25331304,BLIND,7492849,,complete,,,computer,Desktop or Laptop,Mac OS 10.15.7,Chrome 107.0.0.0,1280x800,1265x641,,,,ET_Data_Quality,3,No,envdistraction,Yes
16,1668788616761,18/11/2022 16:23:36,1668788615847,-5,18/11/2022 11:23:35,77588,12,questionnaire-6fn4,,25331304,BLIND,7492849,,complete,,,computer,Desktop or Laptop,Mac OS 10.15.7,Chrome 107.0.0.0,1280x800,1265x641,,,,ET_Data_Quality,3,No,envdistraction-quantised,1
17,1668788616761,18/11/2022 16:23:36,1668788615847,-5,18/11/2022 11:23:35,77588,12,questionnaire-6fn4,,25331304,BLIND,7492849,,complete,,,computer,Desktop or Laptop,Mac OS 10.15.7,Chrome 107.0.0.0,1280x800,1265x641,,,,ET_Data_Quality,3,No,response-2,Yes
18,1668788616761,18/11/2022 16:23:36,1668788615847,-5,18/11/2022 11:23:35,77588,12,questionnaire-6fn4,,25331304,BLIND,7492849,,complete,,,computer,Desktop or Laptop,Mac OS 10.15.7,Chrome 107.0.0.0,1280x800,1265x641,,,,ET_Data_Quality,3,No,help,Part of the text of the instructions was cut off so I couldn't actually read them
19,1668788616761,18/11/2022 16:23:36,1668788615848,-5,18/11/2022 11:23:35,77588,12,questionnaire-6fn4,,25331304,BLIND,7492849,,complete,,,computer,Desktop or Laptop,Mac OS 10.15.7,Chrome 107.0.0.0,1280x800,1265x641,,,,ET_Data_Quality,3,No,response-4,No
20,1668788616761,18/11/2022 16:23:36,1668788615848,-5,18/11/2022 11:23:35,77588,12,questionnaire-6fn4,,25331304,BLIND,7492849,,complete,,,computer,Desktop or Laptop,Mac OS 10.15.7,Chrome 107.0.0.0,1280x800,1265x641,,,,ET_Data_Quality,3,No,response-4-quantised,2
21,1668788616761,18/11/2022 16:23:36,1668788615848,-5,18/11/2022 11:23:35,77588,12,questionnaire-6fn4,,25331304,BLIND,7492849,,complete,,,computer,Desktop or Laptop,Mac OS 10.15.7,Chrome 107.0.0.0,1280x800,1265x641,,,,ET_Data_Quality,3,No,END QUESTIONNAIRE,81896
1,1668787307786,18/11/2022 16:01:47,1668787307688,-5,18/11/2022 11:01:47,77588,12,questionnaire-6fn4,,25330685,BLIND,7484996,,complete,,,computer,Desktop or Laptop,Mac OS 10.15.7,Safari 15.6,1470x956,1470x840,,,,ET_Data_Quality,3,No,BEGIN QUESTIONNAIRE,
2,1668787355015,18/11/2022 16:02:35,1668787354951,-5,18/11/2022 11:02:34,77588,12,questionnaire-6fn4,,25330685,BLIND,7484996,,complete,,,computer,Desktop or Laptop,Mac OS 10.15.7,Safari 15.6,1470x956,1470x840,,,,ET_Data_Quality,3,No,visionproblems,No
3,1668787355130,18/11/2022 16:02:35,1668787354953,-5,18/11/2022 11:02:34,77588,12,questionnaire-6fn4,,25330685,BLIND,7484996,,complete,,,computer,Desktop or Laptop,Mac OS 10.15.7,Safari 15.6,1470x956,1470x840,,,,ET_Data_Quality,3,No,visionproblems-quantised,2
4,1668787355130,18/11/2022 16:02:35,1668787354953,-5,18/11/2022 11:02:34,77588,12,questionnaire-6fn4,,25330685,BLIND,7484996,,complete,,,computer,Desktop or Laptop,Mac OS 10.15.7,Safari 15.6,1470x956,1470x840,,,,ET_Data_Quality,3,No,response-3,No
5,1668787355130,18/11/2022 16:02:35,1668787354953,-5,18/11/2022 11:02:34,77588,12,questionnaire-6fn4,,25330685,BLIND,7484996,,complete,,,computer,Desktop or Laptop,Mac OS 10.15.7,Safari 15.6,1470x956,1470x840,,,,ET_Data_Quality,3,No,response-3-quantised,2
6,1668787355130,18/11/2022 16:02:35,1668787354953,-5,18/11/2022 11:02:34,77588,12,questionnaire-6fn4,,25330685,BLIND,7484996,,complete,,,computer,Desktop or Laptop,Mac OS 10.15.7,Safari 15.6,1470x956,1470x840,,,,ET_Data_Quality,3,No,light,Yes
7,1668787355130,18/11/2022 16:02:35,1668787354953,-5,18/11/2022 11:02:34,77588,12,questionnaire-6fn4,,25330685,BLIND,7484996,,complete,,,computer,Desktop or Laptop,Mac OS 10.15.7,Safari 15.6,1470x956,1470x840,,,,ET_Data_Quality,3,No,light-quantised,1
8,1668787355130,18/11/2022 16:02:35,1668787354953,-5,18/11/2022 11:02:34,77588,12,questionnaire-6fn4,,25330685,BLIND,7484996,,complete,,,computer,Desktop or Laptop,Mac OS 10.15.7,Safari 15.6,1470x956,1470x840,,,,ET_Data_Quality,3,No,camerause,Yes
9,1668787355130,18/11/2022 16:02:35,1668787354953,-5,18/11/2022 11:02:34,77588,12,questionnaire-6fn4,,25330685,BLIND,7484996,,complete,,,computer,Desktop or Laptop,Mac OS 10.15.7,Safari 15.6,1470x956,1470x840,,,,ET_Data_Quality,3,No,camerause-quantised,1
10,1668787355130,18/11/2022 16:02:35,1668787354953,-5,18/11/2022 11:02:34,77588,12,questionnaire-6fn4,,25330685,BLIND,7484996,,complete,,,computer,Desktop or Laptop,Mac OS 10.15.7,Safari 15.6,1470x956,1470x840,,,,ET_Data_Quality,3,No,camera_brand,
11,1668787355130,18/11/2022 16:02:35,1668787354953,-5,18/11/2022 11:02:34,77588,12,questionnaire-6fn4,,25330685,BLIND,7484996,,complete,,,computer,Desktop or Laptop,Mac OS 10.15.7,Safari 15.6,1470x956,1470x840,,,,ET_Data_Quality,3,No,distancefromscreen,14 inches
12,1668787355130,18/11/2022 16:02:35,1668787354953,-5,18/11/2022 11:02:34,77588,12,questionnaire-6fn4,,25330685,BLIND,7484996,,complete,,,computer,Desktop or Laptop,Mac OS 10.15.7,Safari 15.6,1470x956,1470x840,,,,ET_Data_Quality,3,No,lookphone,0
13,1668787355130,18/11/2022 16:02:35,1668787354954,-5,18/11/2022 11:02:34,77588,12,questionnaire-6fn4,,25330685,BLIND,7484996,,complete,,,computer,Desktop or Laptop,Mac OS 10.15.7,Safari 15.6,1470x956,1470x840,,,,ET_Data_Quality,3,No,response-1,0
14,1668787355130,18/11/2022 16:02:35,1668787354954,-5,18/11/2022 11:02:34,77588,12,questionnaire-6fn4,,25330685,BLIND,7484996,,complete,,,computer,Desktop or Laptop,Mac OS 10.15.7,Safari 15.6,1470x956,1470x840,,,,ET_Data_Quality,3,No,envdistraction,Yes
15,1668787355130,18/11/2022 16:02:35,1668787354954,-5,18/11/2022 11:02:34,77588,12,questionnaire-6fn4,,25330685,BLIND,7484996,,complete,,,computer,Desktop or Laptop,Mac OS 10.15.7,Safari 15.6,1470x956,1470x840,,,,ET_Data_Quality,3,No,envdistraction-quantised,1
16,1668787355130,18/11/2022 16:02:35,1668787354954,-5,18/11/2022 11:02:34,77588,12,questionnaire-6fn4,,25330685,BLIND,7484996,,complete,,,computer,Desktop or Laptop,Mac OS 10.15.7,Safari 15.6,1470x956,1470x840,,,,ET_Data_Quality,3,No,response-2,yes
17,1668787355130,18/11/2022 16:02:35,1668787354954,-5,18/11/2022 11:02:34,77588,12,questionnaire-6fn4,,25330685,BLIND,7484996,,complete,,,computer,Desktop or Laptop,Mac OS 10.15.7,Safari 15.6,1470x956,1470x840,,,,ET_Data_Quality,3,No,help,what to not do to mess up calibration
18,1668787355130,18/11/2022 16:02:35,1668787354954,-5,18/11/2022 11:02:34,77588,12,questionnaire-6fn4,,25330685,BLIND,7484996,,complete,,,computer,Desktop or Laptop,Mac OS 10.15.7,Safari 15.6,1470x956,1470x840,,,,ET_Data_Quality,3,No,response-4,No
19,1668787355130,18/11/2022 16:02:35,1668787354954,-5,18/11/2022 11:02:34,77588,12,questionnaire-6fn4,,25330685,BLIND,7484996,,complete,,,computer,Desktop or Laptop,Mac OS 10.15.7,Safari 15.6,1470x956,1470x840,,,,ET_Data_Quality,3,No,response-4-quantised,2
20,1668787355130,18/11/2022 16:02:35,1668787354954,-5,18/11/2022 11:02:34,77588,12,questionnaire-6fn4,,25330685,BLIND,7484996,,complete,,,computer,Desktop or Laptop,Mac OS 10.15.7,Safari 15.6,1470x956,1470x840,,,,ET_Data_Quality,3,No,END QUESTIONNAIRE,47266
1,1668789582067,18/11/2022 16:39:42,1668789581936,-5,18/11/2022 11:39:41,77588,12,questionnaire-6fn4,,25331686,BLIND,7493502,,complete,,,computer,Desktop or Laptop,Mac OS 10.15.7,Chrome 107.0.0.0,1680x1050,1569x842,,,,ET_Data_Quality,3,No,BEGIN QUESTIONNAIRE,
2,1668789635857,18/11/2022 16:40:35,1668789635764,-5,18/11/2022 11:40:35,77588,12,questionnaire-6fn4,,25331686,BLIND,7493502,,complete,,,computer,Desktop or Laptop,Mac OS 10.15.7,Chrome 107.0.0.0,1680x1050,1569x842,,,,ET_Data_Quality,3,No,visionproblems,No
3,1668789635980,18/11/2022 16:40:35,1668789635765,-5,18/11/2022 11:40:35,77588,12,questionnaire-6fn4,,25331686,BLIND,7493502,,complete,,,computer,Desktop or Laptop,Mac OS 10.15.7,Chrome 107.0.0.0,1680x1050,1569x842,,,,ET_Data_Quality,3,No,visionproblems-quantised,2
4,1668789635980,18/11/2022 16:40:35,1668789635765,-5,18/11/2022 11:40:35,77588,12,questionnaire-6fn4,,25331686,BLIND,7493502,,complete,,,computer,Desktop or Laptop,Mac OS 10.15.7,Chrome 107.0.0.0,1680x1050,1569x842,,,,ET_Data_Quality,3,No,response-3,No
5,1668789635980,18/11/2022 16:40:35,1668789635765,-5,18/11/2022 11:40:35,77588,12,questionnaire-6fn4,,25331686,BLIND,7493502,,complete,,,computer,Desktop or Laptop,Mac OS 10.15.7,Chrome 107.0.0.0,1680x1050,1569x842,,,,ET_Data_Quality,3,No,response-3-quantised,2
6,1668789635980,18/11/2022 16:40:35,1668789635765,-5,18/11/2022 11:40:35,77588,12,questionnaire-6fn4,,25331686,BLIND,7493502,,complete,,,computer,Desktop or Laptop,Mac OS 10.15.7,Chrome 107.0.0.0,1680x1050,1569x842,,,,ET_Data_Quality,3,No,light,Yes
7,1668789635980,18/11/2022 16:40:35,1668789635765,-5,18/11/2022 11:40:35,77588,12,questionnaire-6fn4,,25331686,BLIND,7493502,,complete,,,computer,Desktop or Laptop,Mac OS 10.15.7,Chrome 107.0.0.0,1680x1050,1569x842,,,,ET_Data_Quality,3,No,light-quantised,1
8,1668789635980,18/11/2022 16:40:35,1668789635765,-5,18/11/2022 11:40:35,77588,12,questionnaire-6fn4,,25331686,BLIND,7493502,,complete,,,computer,Desktop or Laptop,Mac OS 10.15.7,Chrome 107.0.0.0,1680x1050,1569x842,,,,ET_Data_Quality,3,No,camerause,Yes
9,1668789635980,18/11/2022 16:40:35,1668789635765,-5,18/11/2022 11:40:35,77588,12,questionnaire-6fn4,,25331686,BLIND,7493502,,complete,,,computer,Desktop or Laptop,Mac OS 10.15.7,Chrome 107.0.0.0,1680x1050,1569x842,,,,ET_Data_Quality,3,No,camerause-quantised,1
10,1668789635980,18/11/2022 16:40:35,1668789635765,-5,18/11/2022 11:40:35,77588,12,questionnaire-6fn4,,25331686,BLIND,7493502,,complete,,,computer,Desktop or Laptop,Mac OS 10.15.7,Chrome 107.0.0.0,1680x1050,1569x842,,,,ET_Data_Quality,3,No,camera_brand,
11,1668789635980,18/11/2022 16:40:35,1668789635766,-5,18/11/2022 11:40:35,77588,12,questionnaire-6fn4,,25331686,BLIND,7493502,,complete,,,computer,Desktop or Laptop,Mac OS 10.15.7,Chrome 107.0.0.0,1680x1050,1569x842,,,,ET_Data_Quality,3,No,distancefromscreen,16
12,1668789635980,18/11/2022 16:40:35,1668789635766,-5,18/11/2022 11:40:35,77588,12,questionnaire-6fn4,,25331686,BLIND,7493502,,complete,,,computer,Desktop or Laptop,Mac OS 10.15.7,Chrome 107.0.0.0,1680x1050,1569x842,,,,ET_Data_Quality,3,No,lookphone,0
13,1668789635980,18/11/2022 16:40:35,1668789635766,-5,18/11/2022 11:40:35,77588,12,questionnaire-6fn4,,25331686,BLIND,7493502,,complete,,,computer,Desktop or Laptop,Mac OS 10.15.7,Chrome 107.0.0.0,1680x1050,1569x842,,,,ET_Data_Quality,3,No,response-1,0
14,1668789635980,18/11/2022 16:40:35,1668789635766,-5,18/11/2022 11:40:35,77588,12,questionnaire-6fn4,,25331686,BLIND,7493502,,complete,,,computer,Desktop or Laptop,Mac OS 10.15.7,Chrome 107.0.0.0,1680x1050,1569x842,,,,ET_Data_Quality,3,No,envdistraction,Yes
15,1668789635980,18/11/2022 16:40:35,1668789635766,-5,18/11/2022 11:40:35,77588,12,questionnaire-6fn4,,25331686,BLIND,7493502,,complete,,,computer,Desktop or Laptop,Mac OS 10.15.7,Chrome 107.0.0.0,1680x1050,1569x842,,,,ET_Data_Quality,3,No,envdistraction-quantised,1
16,1668789635980,18/11/2022 16:40:35,1668789635766,-5,18/11/2022 11:40:35,77588,12,questionnaire-6fn4,,25331686,BLIND,7493502,,complete,,,computer,Desktop or Laptop,Mac OS 10.15.7,Chrome 107.0.0.0,1680x1050,1569x842,,,,ET_Data_Quality,3,No,response-2,Yes
17,1668789635980,18/11/2022 16:40:35,1668789635766,-5,18/11/2022 11:40:35,77588,12,questionnaire-6fn4,,25331686,BLIND,7493502,,complete,,,computer,Desktop or Laptop,Mac OS 10.15.7,Chrome 107.0.0.0,1680x1050,1569x842,,,,ET_Data_Quality,3,No,help,Had to recalibrate several times and didn't know why. Tips would have been helpful.
18,1668789635980,18/11/2022 16:40:35,1668789635767,-5,18/11/2022 11:40:35,77588,12,questionnaire-6fn4,,25331686,BLIND,7493502,,complete,,,computer,Desktop or Laptop,Mac OS 10.15.7,Chrome 107.0.0.0,1680x1050,1569x842,,,,ET_Data_Quality,3,No,response-4,No
19,1668789635980,18/11/2022 16:40:35,1668789635767,-5,18/11/2022 11:40:35,77588,12,questionnaire-6fn4,,25331686,BLIND,7493502,,complete,,,computer,Desktop or Laptop,Mac OS 10.15.7,Chrome 107.0.0.0,1680x1050,1569x842,,,,ET_Data_Quality,3,No,response-4-quantised,2
20,1668789635980,18/11/2022 16:40:35,1668789635767,-5,18/11/2022 11:40:35,77588,12,questionnaire-6fn4,,25331686,BLIND,7493502,,complete,,,computer,Desktop or Laptop,Mac OS 10.15.7,Chrome 107.0.0.0,1680x1050,1569x842,,,,ET_Data_Quality,3,No,END QUESTIONNAIRE,53831
END OF FILE
